metrica,media,desviacion_tipica
accuracy,0.5945924764890282,0.06415025606519142
precision,0.07603761299413472,0.019128051226741005
recall,0.7,0.18708286933869706
f1,0.13672077326531198,0.033202832118647
roc_auc,0.6622418244406196,0.05470163288394649
