metrica,media,desviacion_tipica
accuracy,0.8611024033437827,0.025054085246493364
precision,0.7138057700557701,0.052099415536867026
recall,0.9,0.03922322702763683
f1,0.794218149501798,0.029232486905037613
roc_auc,0.9483159093682625,0.016287868965943936
